connector_id,tenant_id,run_id,timestamp,stage,phase,detail,volume
bigquery,,,2026-06-20T00:00:00,,event,v0.6.2 released (beta),
bigquery,meridian-health,,2026-06-21T08:00:00,,event,Connector added,
bigquery,meridian-health,bq-run1,2026-07-11T05:00:00,Collect,started,Authenticating via Service Account,
bigquery,meridian-health,bq-run1,2026-07-11T05:02:00,Collect,completed,640000 objects enumerated,640000
bigquery,meridian-health,bq-run1,2026-07-11T05:02:05,Scan,started,Full scan,
bigquery,meridian-health,bq-run1,2026-07-11T05:13:00,Scan,error,BigQuery API quota exceeded — scan blocked,
postgresql,,,2026-05-15T00:00:00,,event,v5.0.1 released,
postgresql,meridian-health,,2026-05-16T08:00:00,,event,Connector added,
postgresql,meridian-health,pg-run1,2026-06-01T04:00:00,Collect,started,Authenticating via Certificate,
postgresql,meridian-health,pg-run1,2026-06-01T04:01:00,Collect,completed,3300000 rows enumerated,3300000
postgresql,meridian-health,pg-run1,2026-06-01T04:01:05,Scan,started,Full scan,
postgresql,meridian-health,pg-run1,2026-06-01T04:20:00,Scan,completed,Full scan complete,
postgresql,meridian-health,pg-run1,2026-06-01T04:20:05,Classify,started,AI-assisted classification,
postgresql,meridian-health,pg-run1,2026-06-01T04:35:00,Classify,completed,98% classification completeness,
postgresql,meridian-health,pg-run1,2026-06-01T04:35:05,Route,started,Writing to DataAI Command Graph,
postgresql,meridian-health,pg-run1,2026-06-01T04:37:00,Route,completed,Routed successfully,
postgresql,meridian-health,pg-run2,2026-07-11T04:00:00,Collect,started,Authenticating via Certificate,
postgresql,meridian-health,pg-run2,2026-07-11T04:01:00,Collect,completed,3300000 rows enumerated,3300000
postgresql,meridian-health,pg-run2,2026-07-11T04:01:05,Scan,started,Incremental scan,
postgresql,meridian-health,pg-run2,2026-07-11T04:10:00,Scan,completed,Incremental scan complete,
postgresql,meridian-health,pg-run2,2026-07-11T04:10:05,Classify,started,AI-assisted classification,
postgresql,meridian-health,pg-run2,2026-07-11T04:20:00,Classify,completed,98% classification completeness,
postgresql,meridian-health,pg-run2,2026-07-11T04:20:05,Route,started,Writing to DataAI Command Graph,
postgresql,meridian-health,pg-run2,2026-07-11T04:22:00,Route,completed,Routed successfully,
slack,,,2026-06-10T00:00:00,,event,v0.9.4 released (beta),
slack,northwind,,2026-06-11T08:00:00,,event,Connector added,
slack,northwind,slack-run1,2026-06-11T09:00:00,Collect,started,Authenticating via OAuth 2.0,
slack,northwind,slack-run1,2026-06-11T09:02:00,Collect,completed,1900000 messages enumerated,1900000
slack,northwind,slack-run1,2026-06-11T09:02:05,Scan,started,Full scan,
slack,northwind,slack-run1,2026-06-11T09:20:00,Scan,completed,Full scan complete,
slack,northwind,slack-run1,2026-06-11T09:20:05,Classify,started,AI-assisted classification,
slack,northwind,slack-run1,2026-06-11T09:35:00,Classify,completed,82% classification completeness,
slack,northwind,slack-run1,2026-06-11T09:35:05,Route,started,Writing to DataAI Command Graph,
slack,northwind,slack-run1,2026-06-11T09:37:00,Route,completed,Routed successfully,
amazon-s3,,,2026-05-01T00:00:00,,event,v3.4.0 released,
amazon-s3,meridian-health,,2026-06-21T08:00:00,,event,Connector added,
amazon-s3,meridian-health,s3-run-2026-06-21,2026-06-21T08:15:00,Collect,started,Authenticating via Service Account,
amazon-s3,meridian-health,s3-run-2026-06-21,2026-06-21T08:18:00,Collect,completed,18400000 objects enumerated,18400000
amazon-s3,meridian-health,s3-run-2026-06-21,2026-06-21T08:19:00,Scan,started,Full scan,
amazon-s3,meridian-health,s3-run-2026-06-21,2026-06-21T08:34:00,Scan,completed,Full scan complete,
amazon-s3,meridian-health,s3-run-2026-06-21,2026-06-21T08:35:00,Classify,started,AI-assisted classification,
amazon-s3,meridian-health,s3-run-2026-06-21,2026-06-21T08:46:00,Classify,completed,97% classification completeness,
amazon-s3,meridian-health,s3-run-2026-06-21,2026-06-21T08:47:00,Route,started,Writing to DataAI Command Graph,
amazon-s3,meridian-health,s3-run-2026-06-21,2026-06-21T08:49:00,Route,completed,Routed successfully,
amazon-s3,meridian-health,,2026-06-22T07:00:00,,event,First scan completed,
amazon-s3,meridian-health,s3-run-2026-06-22,2026-06-22T06:00:00,Collect,started,Authenticating via Service Account,
amazon-s3,meridian-health,s3-run-2026-06-22,2026-06-22T06:03:00,Collect,completed,18400000 objects enumerated,18400000
amazon-s3,meridian-health,s3-run-2026-06-22,2026-06-22T06:04:00,Scan,started,Incremental scan,
amazon-s3,meridian-health,s3-run-2026-06-22,2026-06-22T06:19:00,Scan,completed,Incremental scan complete,
amazon-s3,meridian-health,s3-run-2026-06-22,2026-06-22T06:20:00,Classify,started,AI-assisted classification,
amazon-s3,meridian-health,s3-run-2026-06-22,2026-06-22T06:31:00,Classify,completed,97% classification completeness,
amazon-s3,meridian-health,s3-run-2026-06-22,2026-06-22T06:32:00,Route,started,Writing to DataAI Command Graph,
amazon-s3,meridian-health,s3-run-2026-06-22,2026-06-22T06:34:00,Route,completed,Routed successfully,
amazon-s3,meridian-health,s3-run-2026-06-23,2026-06-23T06:00:00,Collect,started,Authenticating via Service Account,
amazon-s3,meridian-health,s3-run-2026-06-23,2026-06-23T06:03:00,Collect,completed,18400000 objects enumerated,18400000
amazon-s3,meridian-health,s3-run-2026-06-23,2026-06-23T06:04:00,Scan,started,Incremental scan,
amazon-s3,meridian-health,s3-run-2026-06-23,2026-06-23T06:19:00,Scan,completed,Incremental scan complete,
amazon-s3,meridian-health,s3-run-2026-06-23,2026-06-23T06:20:00,Classify,started,AI-assisted classification,
amazon-s3,meridian-health,s3-run-2026-06-23,2026-06-23T06:31:00,Classify,completed,97% classification completeness,
amazon-s3,meridian-health,s3-run-2026-06-23,2026-06-23T06:32:00,Route,started,Writing to DataAI Command Graph,
amazon-s3,meridian-health,s3-run-2026-06-23,2026-06-23T06:34:00,Route,completed,Routed successfully,
amazon-s3,meridian-health,s3-run-2026-06-24,2026-06-24T06:00:00,Collect,started,Authenticating via Service Account,
amazon-s3,meridian-health,s3-run-2026-06-24,2026-06-24T06:03:00,Collect,completed,18400000 objects enumerated,18400000
amazon-s3,meridian-health,s3-run-2026-06-24,2026-06-24T06:04:00,Scan,started,Incremental scan,
amazon-s3,meridian-health,s3-run-2026-06-24,2026-06-24T06:19:00,Scan,completed,Incremental scan complete,
amazon-s3,meridian-health,s3-run-2026-06-24,2026-06-24T06:20:00,Classify,started,AI-assisted classification,
amazon-s3,meridian-health,s3-run-2026-06-24,2026-06-24T06:31:00,Classify,completed,97% classification completeness,
amazon-s3,meridian-health,s3-run-2026-06-24,2026-06-24T06:32:00,Route,started,Writing to DataAI Command Graph,
amazon-s3,meridian-health,s3-run-2026-06-24,2026-06-24T06:34:00,Route,completed,Routed successfully,
amazon-s3,meridian-health,s3-run-2026-06-25,2026-06-25T06:00:00,Collect,started,Authenticating via Service Account,
amazon-s3,meridian-health,s3-run-2026-06-25,2026-06-25T06:03:00,Collect,completed,18400000 objects enumerated,18400000
amazon-s3,meridian-health,s3-run-2026-06-25,2026-06-25T06:04:00,Scan,started,Incremental scan,
amazon-s3,meridian-health,s3-run-2026-06-25,2026-06-25T06:19:00,Scan,completed,Incremental scan complete,
amazon-s3,meridian-health,s3-run-2026-06-25,2026-06-25T06:20:00,Classify,started,AI-assisted classification,
amazon-s3,meridian-health,s3-run-2026-06-25,2026-06-25T06:31:00,Classify,completed,97% classification completeness,
amazon-s3,meridian-health,s3-run-2026-06-25,2026-06-25T06:32:00,Route,started,Writing to DataAI Command Graph,
amazon-s3,meridian-health,s3-run-2026-06-25,2026-06-25T06:34:00,Route,completed,Routed successfully,
amazon-s3,meridian-health,,2026-06-25T14:00:00,,event,Classification rule added — PII detected (91% confidence),
amazon-s3,meridian-health,s3-run-2026-06-26,2026-06-26T06:00:00,Collect,started,Authenticating via Service Account,
amazon-s3,meridian-health,s3-run-2026-06-26,2026-06-26T06:03:00,Collect,completed,18400000 objects enumerated,18400000
amazon-s3,meridian-health,s3-run-2026-06-26,2026-06-26T06:04:00,Scan,started,Incremental scan,
amazon-s3,meridian-health,s3-run-2026-06-26,2026-06-26T06:19:00,Scan,completed,Incremental scan complete,
amazon-s3,meridian-health,s3-run-2026-06-26,2026-06-26T06:20:00,Classify,started,AI-assisted classification,
amazon-s3,meridian-health,s3-run-2026-06-26,2026-06-26T06:31:00,Classify,completed,97% classification completeness,
amazon-s3,meridian-health,s3-run-2026-06-26,2026-06-26T06:32:00,Route,started,Writing to DataAI Command Graph,
amazon-s3,meridian-health,s3-run-2026-06-26,2026-06-26T06:34:00,Route,completed,Routed successfully,
amazon-s3,meridian-health,s3-run-2026-06-27,2026-06-27T06:00:00,Collect,started,Authenticating via Service Account,
amazon-s3,meridian-health,s3-run-2026-06-27,2026-06-27T06:03:00,Collect,completed,18400000 objects enumerated,18400000
amazon-s3,meridian-health,s3-run-2026-06-27,2026-06-27T06:04:00,Scan,started,Incremental scan,
amazon-s3,meridian-health,s3-run-2026-06-27,2026-06-27T06:19:00,Scan,completed,Incremental scan complete,
amazon-s3,meridian-health,s3-run-2026-06-27,2026-06-27T06:20:00,Classify,started,AI-assisted classification,
amazon-s3,meridian-health,s3-run-2026-06-27,2026-06-27T06:31:00,Classify,completed,97% classification completeness,
amazon-s3,meridian-health,s3-run-2026-06-27,2026-06-27T06:32:00,Route,started,Writing to DataAI Command Graph,
amazon-s3,meridian-health,s3-run-2026-06-27,2026-06-27T06:34:00,Route,completed,Routed successfully,
amazon-s3,meridian-health,s3-run-2026-06-28,2026-06-28T06:00:00,Collect,started,Authenticating via Service Account,
amazon-s3,meridian-health,s3-run-2026-06-28,2026-06-28T06:01:00,Collect,error,Auth token expired — scan blocked,
amazon-s3,meridian-health,s3-run-2026-06-29,2026-06-29T06:00:00,Collect,started,Authenticating via Service Account,
amazon-s3,meridian-health,s3-run-2026-06-29,2026-06-29T06:03:00,Collect,completed,18400000 objects enumerated,18400000
amazon-s3,meridian-health,s3-run-2026-06-29,2026-06-29T06:04:00,Scan,started,Incremental scan,
amazon-s3,meridian-health,s3-run-2026-06-29,2026-06-29T06:19:00,Scan,completed,Incremental scan complete,
amazon-s3,meridian-health,s3-run-2026-06-29,2026-06-29T06:20:00,Classify,started,AI-assisted classification,
amazon-s3,meridian-health,s3-run-2026-06-29,2026-06-29T06:31:00,Classify,completed,97% classification completeness,
amazon-s3,meridian-health,s3-run-2026-06-29,2026-06-29T06:32:00,Route,started,Writing to DataAI Command Graph,
amazon-s3,meridian-health,s3-run-2026-06-29,2026-06-29T06:34:00,Route,completed,Routed successfully,
amazon-s3,meridian-health,s3-run-2026-06-30,2026-06-30T06:00:00,Collect,started,Authenticating via Service Account,
amazon-s3,meridian-health,s3-run-2026-06-30,2026-06-30T06:03:00,Collect,completed,18400000 objects enumerated,18400000
amazon-s3,meridian-health,s3-run-2026-06-30,2026-06-30T06:04:00,Scan,started,Incremental scan,
amazon-s3,meridian-health,s3-run-2026-06-30,2026-06-30T06:19:00,Scan,completed,Incremental scan complete,
amazon-s3,meridian-health,s3-run-2026-06-30,2026-06-30T06:20:00,Classify,started,AI-assisted classification,
amazon-s3,meridian-health,s3-run-2026-06-30,2026-06-30T06:31:00,Classify,completed,97% classification completeness,
amazon-s3,meridian-health,s3-run-2026-06-30,2026-06-30T06:32:00,Route,started,Writing to DataAI Command Graph,
amazon-s3,meridian-health,s3-run-2026-06-30,2026-06-30T06:34:00,Route,completed,Routed successfully,
amazon-s3,meridian-health,s3-run-2026-07-01,2026-07-01T06:00:00,Collect,started,Authenticating via Service Account,
amazon-s3,meridian-health,s3-run-2026-07-01,2026-07-01T06:03:00,Collect,completed,18400000 objects enumerated,18400000
amazon-s3,meridian-health,s3-run-2026-07-01,2026-07-01T06:14:00,Scan,started,Incremental scan,
amazon-s3,meridian-health,s3-run-2026-07-01,2026-07-01T06:22:00,Scan,error,Rate limited by S3 API — scan blocked,
amazon-s3,meridian-health,s3-run-2026-07-02,2026-07-02T06:00:00,Collect,started,Authenticating via Service Account,
amazon-s3,meridian-health,s3-run-2026-07-02,2026-07-02T06:03:00,Collect,completed,18400000 objects enumerated,18400000
amazon-s3,meridian-health,s3-run-2026-07-02,2026-07-02T06:04:00,Scan,started,Incremental scan,
amazon-s3,meridian-health,s3-run-2026-07-02,2026-07-02T06:19:00,Scan,completed,Incremental scan complete,
amazon-s3,meridian-health,s3-run-2026-07-02,2026-07-02T06:20:00,Classify,started,AI-assisted classification,
amazon-s3,meridian-health,s3-run-2026-07-02,2026-07-02T06:31:00,Classify,completed,97% classification completeness,
amazon-s3,meridian-health,s3-run-2026-07-02,2026-07-02T06:32:00,Route,started,Writing to DataAI Command Graph,
amazon-s3,meridian-health,s3-run-2026-07-02,2026-07-02T06:34:00,Route,completed,Routed successfully,
amazon-s3,meridian-health,s3-run-2026-07-03,2026-07-03T06:00:00,Collect,started,Authenticating via Service Account,
amazon-s3,meridian-health,s3-run-2026-07-03,2026-07-03T06:03:00,Collect,completed,18400000 objects enumerated,18400000
amazon-s3,meridian-health,s3-run-2026-07-03,2026-07-03T06:04:00,Scan,started,Incremental scan,
amazon-s3,meridian-health,s3-run-2026-07-03,2026-07-03T06:19:00,Scan,completed,Incremental scan complete,
amazon-s3,meridian-health,s3-run-2026-07-03,2026-07-03T06:20:00,Classify,started,AI-assisted classification,
amazon-s3,meridian-health,s3-run-2026-07-03,2026-07-03T06:31:00,Classify,completed,97% classification completeness,
amazon-s3,meridian-health,s3-run-2026-07-03,2026-07-03T06:32:00,Route,started,Writing to DataAI Command Graph,
amazon-s3,meridian-health,s3-run-2026-07-03,2026-07-03T06:34:00,Route,completed,Routed successfully,
amazon-s3,meridian-health,,2026-07-03T15:30:00,,event,Classification rule added — Financial records (88% confidence),
amazon-s3,meridian-health,s3-run-2026-07-04,2026-07-04T06:00:00,Collect,started,Authenticating via Service Account,
amazon-s3,meridian-health,s3-run-2026-07-04,2026-07-04T06:03:00,Collect,completed,18400000 objects enumerated,18400000
amazon-s3,meridian-health,s3-run-2026-07-04,2026-07-04T06:04:00,Scan,started,Incremental scan,
amazon-s3,meridian-health,s3-run-2026-07-04,2026-07-04T06:19:00,Scan,completed,Incremental scan complete,
amazon-s3,meridian-health,s3-run-2026-07-04,2026-07-04T06:20:00,Classify,started,AI-assisted classification,
amazon-s3,meridian-health,s3-run-2026-07-04,2026-07-04T06:31:00,Classify,completed,97% classification completeness,
amazon-s3,meridian-health,s3-run-2026-07-04,2026-07-04T06:32:00,Route,started,Writing to DataAI Command Graph,
amazon-s3,meridian-health,s3-run-2026-07-04,2026-07-04T06:34:00,Route,completed,Routed successfully,
amazon-s3,meridian-health,s3-run-2026-07-05,2026-07-05T06:00:00,Collect,started,Authenticating via Service Account,
amazon-s3,meridian-health,s3-run-2026-07-05,2026-07-05T06:03:00,Collect,completed,18400000 objects enumerated,18400000
amazon-s3,meridian-health,s3-run-2026-07-05,2026-07-05T06:04:00,Scan,started,Incremental scan,
amazon-s3,meridian-health,s3-run-2026-07-05,2026-07-05T06:19:00,Scan,completed,Incremental scan complete,
amazon-s3,meridian-health,s3-run-2026-07-05,2026-07-05T06:20:00,Classify,started,AI-assisted classification,
amazon-s3,meridian-health,s3-run-2026-07-05,2026-07-05T06:31:00,Classify,completed,97% classification completeness,
amazon-s3,meridian-health,s3-run-2026-07-05,2026-07-05T06:32:00,Route,started,Writing to DataAI Command Graph,
amazon-s3,meridian-health,s3-run-2026-07-05,2026-07-05T06:34:00,Route,completed,Routed successfully,
amazon-s3,meridian-health,s3-run-2026-07-06,2026-07-06T06:00:00,Collect,started,Authenticating via Service Account,
amazon-s3,meridian-health,s3-run-2026-07-06,2026-07-06T06:03:00,Collect,completed,18400000 objects enumerated,18400000
amazon-s3,meridian-health,s3-run-2026-07-06,2026-07-06T06:04:00,Scan,started,Incremental scan,
amazon-s3,meridian-health,s3-run-2026-07-06,2026-07-06T06:19:00,Scan,completed,Incremental scan complete,
amazon-s3,meridian-health,s3-run-2026-07-06,2026-07-06T06:20:00,Classify,started,AI-assisted classification,
amazon-s3,meridian-health,s3-run-2026-07-06,2026-07-06T06:31:00,Classify,completed,97% classification completeness,
amazon-s3,meridian-health,s3-run-2026-07-06,2026-07-06T06:32:00,Route,started,Writing to DataAI Command Graph,
amazon-s3,meridian-health,s3-run-2026-07-06,2026-07-06T06:34:00,Route,completed,Routed successfully,
amazon-s3,meridian-health,s3-run-2026-07-07,2026-07-07T06:00:00,Collect,started,Authenticating via Service Account,
amazon-s3,meridian-health,s3-run-2026-07-07,2026-07-07T06:03:00,Collect,completed,18400000 objects enumerated,18400000
amazon-s3,meridian-health,s3-run-2026-07-07,2026-07-07T06:04:00,Scan,started,Incremental scan,
amazon-s3,meridian-health,s3-run-2026-07-07,2026-07-07T06:19:00,Scan,completed,Incremental scan complete,
amazon-s3,meridian-health,s3-run-2026-07-07,2026-07-07T06:20:00,Classify,started,AI-assisted classification,
amazon-s3,meridian-health,s3-run-2026-07-07,2026-07-07T06:31:00,Classify,completed,97% classification completeness,
amazon-s3,meridian-health,s3-run-2026-07-07,2026-07-07T06:32:00,Route,started,Writing to DataAI Command Graph,
amazon-s3,meridian-health,s3-run-2026-07-07,2026-07-07T06:34:00,Route,completed,Routed successfully,
amazon-s3,meridian-health,s3-run-2026-07-08,2026-07-08T06:00:00,Collect,started,Authenticating via Service Account,
amazon-s3,meridian-health,s3-run-2026-07-08,2026-07-08T06:03:00,Collect,completed,18400000 objects enumerated,18400000
amazon-s3,meridian-health,s3-run-2026-07-08,2026-07-08T06:04:00,Scan,started,Incremental scan,
amazon-s3,meridian-health,s3-run-2026-07-08,2026-07-08T06:19:00,Scan,completed,Incremental scan complete,
amazon-s3,meridian-health,s3-run-2026-07-08,2026-07-08T06:20:00,Classify,started,AI-assisted classification,
amazon-s3,meridian-health,s3-run-2026-07-08,2026-07-08T06:31:00,Classify,completed,97% classification completeness,
amazon-s3,meridian-health,s3-run-2026-07-08,2026-07-08T06:32:00,Route,started,Writing to DataAI Command Graph,
amazon-s3,meridian-health,s3-run-2026-07-08,2026-07-08T06:34:00,Route,completed,Routed successfully,
amazon-s3,meridian-health,s3-run-2026-07-09,2026-07-09T06:00:00,Collect,started,Authenticating via Service Account,
amazon-s3,meridian-health,s3-run-2026-07-09,2026-07-09T06:03:00,Collect,completed,18400000 objects enumerated,18400000
amazon-s3,meridian-health,s3-run-2026-07-09,2026-07-09T06:04:00,Scan,started,Incremental scan,
amazon-s3,meridian-health,s3-run-2026-07-09,2026-07-09T06:19:00,Scan,completed,Incremental scan complete,
amazon-s3,meridian-health,s3-run-2026-07-09,2026-07-09T06:20:00,Classify,started,AI-assisted classification,
amazon-s3,meridian-health,s3-run-2026-07-09,2026-07-09T06:31:00,Classify,completed,97% classification completeness,
amazon-s3,meridian-health,s3-run-2026-07-09,2026-07-09T06:32:00,Route,started,Writing to DataAI Command Graph,
amazon-s3,meridian-health,s3-run-2026-07-09,2026-07-09T06:34:00,Route,completed,Routed successfully,
amazon-s3,meridian-health,s3-run-2026-07-10,2026-07-10T06:00:00,Collect,started,Authenticating via Service Account,
amazon-s3,meridian-health,s3-run-2026-07-10,2026-07-10T06:03:00,Collect,completed,18400000 objects enumerated,18400000
amazon-s3,meridian-health,s3-run-2026-07-10,2026-07-10T06:04:00,Scan,started,Incremental scan,
amazon-s3,meridian-health,s3-run-2026-07-10,2026-07-10T06:19:00,Scan,completed,Incremental scan complete,
amazon-s3,meridian-health,s3-run-2026-07-10,2026-07-10T06:20:00,Classify,started,AI-assisted classification,
amazon-s3,meridian-health,s3-run-2026-07-10,2026-07-10T06:31:00,Classify,completed,97% classification completeness,
amazon-s3,meridian-health,s3-run-2026-07-10,2026-07-10T06:32:00,Route,started,Writing to DataAI Command Graph,
amazon-s3,meridian-health,s3-run-2026-07-10,2026-07-10T06:34:00,Route,completed,Routed successfully,
amazon-s3,meridian-health,s3-run-2026-07-11,2026-07-11T06:00:00,Collect,started,Authenticating via Service Account,
amazon-s3,meridian-health,s3-run-2026-07-11,2026-07-11T06:03:00,Collect,completed,18400000 objects enumerated,18400000
amazon-s3,meridian-health,s3-run-2026-07-11,2026-07-11T06:04:00,Scan,started,Incremental scan,
amazon-s3,meridian-health,s3-run-2026-07-11,2026-07-11T06:19:00,Scan,completed,Incremental scan complete,
amazon-s3,meridian-health,s3-run-2026-07-11,2026-07-11T06:20:00,Classify,started,AI-assisted classification,
amazon-s3,meridian-health,s3-run-2026-07-11,2026-07-11T06:31:00,Classify,completed,97% classification completeness,
amazon-s3,meridian-health,s3-run-2026-07-11,2026-07-11T06:32:00,Route,started,Writing to DataAI Command Graph,
amazon-s3,meridian-health,s3-run-2026-07-11,2026-07-11T06:34:00,Route,completed,Routed successfully,
amazon-s3,meridian-health,,2026-07-06T12:00:00,,event,Updated to v3.4.0,
